{"classifier_threshold": 0.77, "test_f1": 0.25362797585146374, "test_f2": 0.3163610943769394, "test_f0.5": 0.21165721151652497, "test_precision": 0.19062703332077668, "test_recall": 0.37882809309922416, "test_TN": 620591.0, "test_FN": 18255.0, "test_TP": 11133.0, "test_FP": 47269.0}